{
  "sample_id": "happy_low_001",
  "emotion": "happy",
  "intensity": "low",
  "dt_ms": 50,
  "n_frames": 35,
  "phase": [
    0.0,
    0.029412,
    0.058824,
    0.088235,
    0.117647,
    0.147059,
    0.176471,
    0.205882,
    0.235294,
    0.264706,
    0.294118,
    0.323529,
    0.352941,
    0.382353,
    0.411765,
    0.441176,
    0.470588,
    0.5,
    0.529412,
    0.558824,
    0.588235,
    0.617647,
    0.647059,
    0.676471,
    0.705882,
    0.735294,
    0.764706,
    0.794118,
    0.823529,
    0.852941,
    0.882353,
    0.911765,
    0.941176,
    0.970588,
    1.0
  ],
  "time_ms": [
    0,
    50,
    100,
    150,
    200,
    250,
    300,
    350,
    400,
    450,
    500,
    550,
    600,
    650,
    700,
    750,
    800,
    850,
    900,
    950,
    1000,
    1050,
    1100,
    1150,
    1200,
    1250,
    1300,
    1350,
    1400,
    1450,
    1500,
    1550,
    1600,
    1650,
    1700
  ],
  "channels": {
    "velocity_x": [
      0.035,
      0.037,
      0.039,
      0.041,
      0.043,
      0.045,
      0.045833,
      0.046667,
      0.0475,
      0.048333,
      0.049167,
      0.05,
      0.049667,
      0.049333,
      0.049,
      0.048667,
      0.048333,
      0.048,
      0.046667,
      0.045333,
      0.044,
      0.042667,
      0.041333,
      0.04,
      0.038,
      0.036,
      0.034,
      0.032,
      0.03,
      0.03,
      0.03,
      0.03,
      0.03,
      0.03,
      0.03
    ],
    "yaw_rate": [
      0.0,
      0.016,
      0.032,
      0.048,
      0.064,
      0.08,
      0.05,
      0.02,
      -0.01,
      -0.04,
      -0.07,
      -0.1,
      -0.066667,
      -0.033333,
      0.0,
      0.033333,
      0.066667,
      0.1,
      0.083333,
      0.066667,
      0.05,
      0.033333,
      0.016667,
      0.0,
      0.0,
      0.0,
      0.0,
      0.0,
      0.0,
      0.0,
      0.0,
      0.0,
      0.0,
      0.0,
      0.0
    ],
    "step_height_left": [
      0.021,
      0.0212,
      0.0214,
      0.0216,
      0.0218,
      0.022,
      0.022167,
      0.022333,
      0.0225,
      0.022667,
      0.022833,
      0.023,
      0.023,
      0.023,
      0.023,
      0.023,
      0.023,
      0.023,
      0.022833,
      0.022667,
      0.0225,
      0.022333,
      0.022167,
      0.022,
      0.0216,
      0.0212,
      0.0208,
      0.0204,
      0.02,
      0.02,
      0.02,
      0.02,
      0.02,
      0.02,
      0.02
    ],
    "step_height_right": [
      0.021,
      0.0212,
      0.0214,
      0.0216,
      0.0218,
      0.022,
      0.022167,
      0.022333,
      0.0225,
      0.022667,
      0.022833,
      0.023,
      0.023,
      0.023,
      0.023,
      0.023,
      0.023,
      0.023,
      0.022833,
      0.022667,
      0.0225,
      0.022333,
      0.022167,
      0.022,
      0.0216,
      0.0212,
      0.0208,
      0.0204,
      0.02,
      0.02,
      0.02,
      0.02,
      0.02,
      0.02,
      0.02
    ],
    "body_height": [
      0.238,
      0.2384,
      0.2388,
      0.2392,
      0.2396,
      0.24,
      0.240167,
      0.240333,
      0.2405,
      0.240667,
      0.240833,
      0.241,
      0.241,
      0.241,
      0.241,
      0.241,
      0.241,
      0.241,
      0.240833,
      0.240667,
      0.2405,
      0.240333,
      0.240167,
      0.24,
      0.2392,
      0.2384,
      0.2376,
      0.2368,
      0.236,
      0.236,
      0.236,
      0.236,
      0.236,
      0.236,
      0.236
    ],
    "pitch": [
      0.01,
      0.014,
      0.018,
      0.022,
      0.026,
      0.03,
      0.031667,
      0.033333,
      0.035,
      0.036667,
      0.038333,
      0.04,
      0.04,
      0.04,
      0.04,
      0.04,
      0.04,
      0.04,
      0.043333,
      0.046667,
      0.05,
      0.053333,
      0.056667,
      0.06,
      0.048,
      0.036,
      0.024,
      0.012,
      0.0,
      0.0,
      0.0,
      0.0,
      0.0,
      0.0,
      0.0
    ]
  },
  "fixed_fields": {
    "mode": 11,
    "gait_id": 27,
    "velocity_y": 0.0,
    "rpy_roll": 0.0,
    "rpy_yaw": 0.0,
    "position": [
      0.0,
      0.0,
      0.0
    ]
  },
  "aux_labels": {
    "ornament_type": "nod_small",
    "returns_to_neutral": true
  },
  "meta": {
    "source": "manual_seed",
    "total_duration_ms": 1700,
    "anchor_count": 6
  }
}