{
  "sample_id": "happy_mid_001",
  "emotion": "happy",
  "intensity": "mid",
  "dt_ms": 50,
  "n_frames": 42,
  "phase": [
    0.0,
    0.024272,
    0.048544,
    0.072816,
    0.097087,
    0.121359,
    0.145631,
    0.169903,
    0.194175,
    0.218447,
    0.242718,
    0.26699,
    0.291262,
    0.315534,
    0.339806,
    0.364078,
    0.38835,
    0.412621,
    0.436893,
    0.461165,
    0.485437,
    0.509709,
    0.533981,
    0.558252,
    0.582524,
    0.606796,
    0.631068,
    0.65534,
    0.679612,
    0.703883,
    0.728155,
    0.752427,
    0.776699,
    0.800971,
    0.825243,
    0.849515,
    0.873786,
    0.898058,
    0.92233,
    0.946602,
    0.970874,
    1.0
  ],
  "time_ms": [
    0,
    50,
    100,
    150,
    200,
    250,
    300,
    350,
    400,
    450,
    500,
    550,
    600,
    650,
    700,
    750,
    800,
    850,
    900,
    950,
    1000,
    1050,
    1100,
    1150,
    1200,
    1250,
    1300,
    1350,
    1400,
    1450,
    1500,
    1550,
    1600,
    1650,
    1700,
    1750,
    1800,
    1850,
    1900,
    1950,
    2000,
    2060
  ],
  "channels": {
    "velocity_x": [
      0.04,
      0.043409,
      0.046818,
      0.050227,
      0.053636,
      0.056071,
      0.057857,
      0.059643,
      0.061429,
      0.063214,
      0.065,
      0.065,
      0.065,
      0.065,
      0.065,
      0.065,
      0.064231,
      0.063269,
      0.062308,
      0.061346,
      0.060385,
      0.060273,
      0.060727,
      0.061182,
      0.061636,
      0.062,
      0.062,
      0.062,
      0.062,
      0.062,
      0.062,
      0.056808,
      0.051615,
      0.046423,
      0.041231,
      0.036038,
      0.035,
      0.035,
      0.035,
      0.035,
      0.035,
      0.035
    ],
    "yaw_rate": [
      0.0,
      0.022727,
      0.045455,
      0.068182,
      0.090909,
      0.075357,
      0.034286,
      -0.006786,
      -0.047857,
      -0.088929,
      -0.13,
      -0.08,
      -0.03,
      0.02,
      0.07,
      0.12,
      0.11,
      0.085,
      0.06,
      0.035,
      0.01,
      -0.016364,
      -0.043636,
      -0.070909,
      -0.098182,
      -0.110769,
      -0.064615,
      -0.018462,
      0.027692,
      0.073846,
      0.12,
      0.096923,
      0.073846,
      0.050769,
      0.027692,
      0.004615,
      0.0,
      0.0,
      0.0,
      0.0,
      0.0,
      0.0
    ],
    "step_height_left": [
      0.022,
      0.022455,
      0.022909,
      0.023364,
      0.023818,
      0.024107,
      0.024286,
      0.024464,
      0.024643,
      0.024821,
      0.025,
      0.025,
      0.025,
      0.025,
      0.025,
      0.025,
      0.024846,
      0.024654,
      0.024462,
      0.024269,
      0.024077,
      0.024136,
      0.024364,
      0.024591,
      0.024818,
      0.025,
      0.025,
      0.025,
      0.025,
      0.025,
      0.025,
      0.024038,
      0.023077,
      0.022115,
      0.021154,
      0.020192,
      0.02,
      0.02,
      0.02,
      0.02,
      0.02,
      0.02
    ],
    "step_height_right": [
      0.022,
      0.022455,
      0.022909,
      0.023364,
      0.023818,
      0.024107,
      0.024286,
      0.024464,
      0.024643,
      0.024821,
      0.025,
      0.025,
      0.025,
      0.025,
      0.025,
      0.025,
      0.024846,
      0.024654,
      0.024462,
      0.024269,
      0.024077,
      0.024136,
      0.024364,
      0.024591,
      0.024818,
      0.025,
      0.025,
      0.025,
      0.025,
      0.025,
      0.025,
      0.024038,
      0.023077,
      0.022115,
      0.021154,
      0.020192,
      0.02,
      0.02,
      0.02,
      0.02,
      0.02,
      0.02
    ],
    "body_height": [
      0.239,
      0.239909,
      0.240818,
      0.241727,
      0.242636,
      0.243214,
      0.243571,
      0.243929,
      0.244286,
      0.244643,
      0.245,
      0.245,
      0.245,
      0.245,
      0.245,
      0.245,
      0.245154,
      0.245346,
      0.245538,
      0.245731,
      0.245923,
      0.245864,
      0.245636,
      0.245409,
      0.245182,
      0.245,
      0.245,
      0.245,
      0.245,
      0.245,
      0.245,
      0.243269,
      0.241538,
      0.239808,
      0.238077,
      0.236346,
      0.236,
      0.236,
      0.236,
      0.236,
      0.236,
      0.236
    ],
    "pitch": [
      0.02,
      0.026818,
      0.033636,
      0.040455,
      0.047273,
      0.052143,
      0.055714,
      0.059286,
      0.062857,
      0.066429,
      0.07,
      0.07,
      0.07,
      0.07,
      0.07,
      0.07,
      0.074615,
      0.080385,
      0.086154,
      0.091923,
      0.097692,
      0.097273,
      0.092727,
      0.088182,
      0.083636,
      0.08,
      0.08,
      0.08,
      0.08,
      0.08,
      0.08,
      0.064615,
      0.049231,
      0.033846,
      0.018462,
      0.003077,
      0.0,
      0.0,
      0.0,
      0.0,
      0.0,
      0.0
    ]
  },
  "fixed_fields": {
    "mode": 11,
    "gait_id": 27,
    "velocity_y": 0.0,
    "rpy_roll": 0.0,
    "rpy_yaw": 0.0,
    "position": [
      0.0,
      0.0,
      0.0
    ]
  },
  "aux_labels": {
    "ornament_type": "nod_mid",
    "returns_to_neutral": true
  },
  "meta": {
    "source": "manual_seed",
    "total_duration_ms": 2060,
    "anchor_count": 8
  }
}