{
  "sample_id": "happy_high_001",
  "emotion": "happy",
  "intensity": "high",
  "dt_ms": 50,
  "n_frames": 45,
  "phase": [
    0.0,
    0.022936,
    0.045872,
    0.068807,
    0.091743,
    0.114679,
    0.137615,
    0.16055,
    0.183486,
    0.206422,
    0.229358,
    0.252294,
    0.275229,
    0.298165,
    0.321101,
    0.344037,
    0.366972,
    0.389908,
    0.412844,
    0.43578,
    0.458716,
    0.481651,
    0.504587,
    0.527523,
    0.550459,
    0.573394,
    0.59633,
    0.619266,
    0.642202,
    0.665138,
    0.688073,
    0.711009,
    0.733945,
    0.756881,
    0.779817,
    0.802752,
    0.825688,
    0.848624,
    0.87156,
    0.894495,
    0.917431,
    0.940367,
    0.963303,
    0.986239,
    1.0
  ],
  "time_ms": [
    0,
    50,
    100,
    150,
    200,
    250,
    300,
    350,
    400,
    450,
    500,
    550,
    600,
    650,
    700,
    750,
    800,
    850,
    900,
    950,
    1000,
    1050,
    1100,
    1150,
    1200,
    1250,
    1300,
    1350,
    1400,
    1450,
    1500,
    1550,
    1600,
    1650,
    1700,
    1750,
    1800,
    1850,
    1900,
    1950,
    2000,
    2050,
    2100,
    2150,
    2180
  ],
  "channels": {
    "velocity_x": [
      0.05,
      0.056944,
      0.063889,
      0.070833,
      0.076182,
      0.079136,
      0.082091,
      0.085045,
      0.088,
      0.088,
      0.088,
      0.088,
      0.088,
      0.086909,
      0.085091,
      0.083273,
      0.081455,
      0.080556,
      0.083333,
      0.086111,
      0.088889,
      0.088667,
      0.086444,
      0.084222,
      0.082,
      0.082,
      0.082,
      0.082,
      0.082,
      0.0715,
      0.061,
      0.0505,
      0.04,
      0.038214,
      0.036429,
      0.034643,
      0.032857,
      0.031071,
      0.03,
      0.03,
      0.03,
      0.03,
      0.03,
      0.03,
      0.03
    ],
    "yaw_rate": [
      0.0,
      0.033333,
      0.066667,
      0.1,
      0.094545,
      0.030909,
      -0.032727,
      -0.096364,
      -0.16,
      -0.087273,
      -0.014545,
      0.058182,
      0.130909,
      0.138182,
      0.101818,
      0.065455,
      0.029091,
      0.004444,
      0.026667,
      0.048889,
      0.071111,
      0.036667,
      -0.035556,
      -0.107778,
      -0.18,
      -0.09,
      0.0,
      0.09,
      0.18,
      0.135,
      0.09,
      0.045,
      0.0,
      0.0,
      0.0,
      0.0,
      0.0,
      0.0,
      0.0,
      0.0,
      0.0,
      0.0,
      0.0,
      0.0,
      0.0
    ],
    "step_height_left": [
      0.024,
      0.024833,
      0.025667,
      0.0265,
      0.027182,
      0.027636,
      0.028091,
      0.028545,
      0.029,
      0.029,
      0.029,
      0.029,
      0.029,
      0.028864,
      0.028636,
      0.028409,
      0.028182,
      0.028111,
      0.028667,
      0.029222,
      0.029778,
      0.029833,
      0.029556,
      0.029278,
      0.029,
      0.029,
      0.029,
      0.029,
      0.029,
      0.02725,
      0.0255,
      0.02375,
      0.022,
      0.021643,
      0.021286,
      0.020929,
      0.020571,
      0.020214,
      0.02,
      0.02,
      0.02,
      0.02,
      0.02,
      0.02,
      0.02
    ],
    "step_height_right": [
      0.024,
      0.024833,
      0.025667,
      0.0265,
      0.027182,
      0.027636,
      0.028091,
      0.028545,
      0.029,
      0.029,
      0.029,
      0.029,
      0.029,
      0.028864,
      0.028636,
      0.028409,
      0.028182,
      0.028111,
      0.028667,
      0.029222,
      0.029778,
      0.029833,
      0.029556,
      0.029278,
      0.029,
      0.029,
      0.029,
      0.029,
      0.029,
      0.02725,
      0.0255,
      0.02375,
      0.022,
      0.021643,
      0.021286,
      0.020929,
      0.020571,
      0.020214,
      0.02,
      0.02,
      0.02,
      0.02,
      0.02,
      0.02,
      0.02
    ],
    "body_height": [
      0.241,
      0.242944,
      0.244889,
      0.246833,
      0.248364,
      0.249273,
      0.250182,
      0.251091,
      0.252,
      0.252,
      0.252,
      0.252,
      0.252,
      0.252136,
      0.252364,
      0.252591,
      0.252818,
      0.253111,
      0.253667,
      0.254222,
      0.254778,
      0.2545,
      0.253667,
      0.252833,
      0.252,
      0.252,
      0.252,
      0.252,
      0.252,
      0.249,
      0.246,
      0.243,
      0.24,
      0.239286,
      0.238571,
      0.237857,
      0.237143,
      0.236429,
      0.236,
      0.236,
      0.236,
      0.236,
      0.236,
      0.236,
      0.236
    ],
    "pitch": [
      0.03,
      0.043889,
      0.057778,
      0.071667,
      0.082727,
      0.089545,
      0.096364,
      0.103182,
      0.11,
      0.11,
      0.11,
      0.11,
      0.11,
      0.115455,
      0.124545,
      0.133636,
      0.142727,
      0.148333,
      0.14,
      0.131667,
      0.123333,
      0.116667,
      0.111111,
      0.105556,
      0.1,
      0.1,
      0.1,
      0.1,
      0.1,
      0.0825,
      0.065,
      0.0475,
      0.03,
      0.024643,
      0.019286,
      0.013929,
      0.008571,
      0.003214,
      0.0,
      0.0,
      0.0,
      0.0,
      0.0,
      0.0,
      0.0
    ]
  },
  "fixed_fields": {
    "mode": 11,
    "gait_id": 27,
    "velocity_y": 0.0,
    "rpy_roll": 0.0,
    "rpy_yaw": 0.0,
    "position": [
      0.0,
      0.0,
      0.0
    ]
  },
  "aux_labels": {
    "ornament_type": "nod_high",
    "returns_to_neutral": true
  },
  "meta": {
    "source": "manual_seed",
    "total_duration_ms": 2180,
    "anchor_count": 10
  }
}